keyword,volume
mp3 to youtube,3350000
mp3 into youtube,3350000
mp3 to youtube converter,1220000
mp3 to youtube converter online,9900
upload a mp3 to youtube,4400
upload mp3 to youtube,4400
mp3 upload to youtube,4400
mp3 to youtube upload,4400
mp3 to youtube online,4400
uploading mp3 to youtube,4400
mp3 to mp4 converter youtube,2400
mp3 converter to itunes from youtube,2400
mp3 to youtube mac,1900
mp3 to mp4 youtube,1900
mp3 to youtube hd,1000
mp3 to youtube flvto,880
mp3 to youtube app,880
mp3 ringtone youtube,720
how upload mp3 to youtube,480
how to upload mp3 to youtube,480
how to upload an mp3 to youtube,480
how to upload a mp3 to youtube,480
mp3 extractor youtube,390
upload mp3 to youtube free,260
can you upload mp3 to youtube,110
mp3 to mp4 youtube upload,110
convert mp3 to youtube upload,110
mp3 to youtube video maker,70
mp3 to youtube upload free,70
mp3 to youtube converter dvdvideosoft,50
how to convert mp3 to youtube,50
upload mp3 to youtube no watermark,50
convert mp3 to youtube upload free,50
mp3 generator youtube,50
mp3 to wav youtube,50
can i upload mp3 to youtube,50
mp3 to wav converter youtube,40
mp3 extractor from youtube video,40
upload mp3 to youtube music,30
can you upload an mp3 to youtube,30
how to convert mp3 to mp4 for youtube,30
mp3 to video for youtube,30
mp3 to youtube converter mac,30
how to add mp3 to youtube music,20
convert mp3 to mp4 for youtube,20
how to upload mp3 files to youtube,20
mp3 to youtube with image,20
mp3 to youtube format,20
upload mp3 file to youtube,20
how to upload mp3 to youtube music,20
upload mp3 files to youtube,20
how to upload mp3 file to youtube,20
upload mp3 to youtube with image,10
how to download mp3 to android from youtube,10
how to add mp3 to youtube video,10
upload mp3 to youtube mac,10
convert youtube to mp3 listentoyoutube,10
upload mp3 to youtube online free,10
upload mp3 audio to youtube,10
mp3 to youtube video maker free,10
convert me mp3 to youtube,10
how to download mp3 to iphone from youtube,10
mp3 to midi youtube,10
mp3 to youtube upload online,10
mp3 tag tutorial youtube,10
mp3 converter flvto youtube downloader app,10
mp3 to youtube iphone,10
how to make mp3 to video for youtube,10
simple mp3 to youtube converter,10
how to turn mp3 into video for youtube,10
how to upload mp3 to youtube free,10
mp3 to youtube no watermark,10
mp3 to youtube juice,10
mp3 button youtube,10
convert mp3 to wav youtube,10
convert mp3 to youtube format,10
how to upload an mp3 file to youtube,10
how to upload mp3 to youtube mac,10
ymp3 to youtube converter,10
how do you upload an mp3 to youtube,10
how to upload mp3 audio to youtube,10
freemake video converter mp3 to youtube,10
add mp3 to youtube video,10
upload mp3s to youtube,10
how to add mp3 to youtube,10
mp3 creator youtube,10
upload your mp3 to youtube,10
free upload mp3 to youtube,10
mp3 to youtube playlist,10
upload large mp3 to youtube,10
make mp3 to youtube video,10
upload mp3 to youtube android,10
how to convert mp3 to video file for youtube,10
upload mp3 to youtube online,10
how do you upload mp3 to youtube,10
how to upload mp3 to youtube from android,10
can you upload mp3 files to youtube,10
mp3 to youtube video upload,10
mp3tube mp3 to youtube,10
upload mp3 to youtube without watermark,10
