keyword,volume
mp3 to youtube,3350000
mp3 to youtube converter,1220000
mp3 to youtube converter online,9900
uploading mp3 to youtube,4400
upload mp3 to youtube,4400
mp3 to youtube online,4400
mp3 to youtube upload,4400
upload a mp3 to youtube,4400
mp3 to youtube mac,1900
mp3 to youtube hd,1000
mp3 to youtube app,880
mp3 to youtube flvto,880
how to upload mp3 to youtube,480
how to upload an mp3 to youtube,480
how upload mp3 to youtube,480
how to upload a mp3 to youtube,480
upload mp3 to youtube free,260
can you upload mp3 to youtube,110
convert mp3 to youtube upload,110
mp3 to youtube video maker,70
mp3 to youtube upload free,70
can i upload mp3 to youtube,50
convert mp3 to youtube upload free,50
upload mp3 to youtube no watermark,50
how to convert mp3 to youtube,50
mp3 to youtube converter dvdvideosoft,50
upload mp3 to youtube music,30
mp3 to youtube converter mac,30
can you upload an mp3 to youtube,30
mp3 to youtube with image,20
mp3 to youtube format,20
how to add mp3 to youtube music,20
how to upload mp3 to youtube music,20
best way to upload mp3 to youtube,10
upload my mp3 to youtube,10
how to add mp3 to youtube video,10
mp3 to youtube upload online,10
mp3 to youtube video upload,10
convert mp3 to youtube format,10
how can i upload mp3 to youtube,10
how to upload mp3 to youtube mac,10
upload mp3 to youtube online,10
video cutter online mp3 to youtube,10
upload mp3 to youtube mac,10
how to upload mp3 to youtube free,10
make mp3 to youtube video,10
upload mp3 to youtube android,10
how to upload mp3 to youtube with picture,10
how do you upload an mp3 to youtube,10
free upload mp3 to youtube,10
how do you upload mp3 to youtube,10
mp3tube mp3 to youtube,10
mp3 to youtube iphone,10
upload mp3 to youtube online free,10
simple mp3 to youtube converter,10
add mp3 to youtube video,10
mp3 to youtube no watermark,10
upload your mp3 to youtube,10
upload mp3 to youtube with image,10
upload large mp3 to youtube,10
ymp3 to youtube converter,10
freemake video converter mp3 to youtube,10
mp3 to youtube juice,10
convert mp3 to youtube upload online,10
how do i upload an mp3 to youtube,10
mp3 to youtube playlist,10
how to add mp3 to youtube,10
mp3 to youtube video maker free,10
upload mp3 to youtube without watermark,10
how to upload mp3 to youtube from android,10
convert me mp3 to youtube,10
convert mp3 to youtube video mac,10
